a day in the life of robot,27,24,29,36,38,32,37,41,36,29
a day in the life of robot,27,34,34,33,29,22,21,20,20,19
a day in the life of robot,22,31,24,33,30,34,39,30,27,22
a day in the life of robot,16,16,22,20,29,24,33,31,26,24
a day in the life of robot,24,32,26,30,31,33,31,31,32,36
a day in the life of robot,23,21,26,28,24,27,27,33,39,41
a day in the life of robot,17,16,25,29,26,20,24,26,21,29
a day in the life of robot,22,23,32,28,25,22,24,20,27,25
a day in the life of robot,19,23,30,29,35,43,44,42,39,41
a day in the life of robot,22,22,28,22,23,22,25,31,26,28
a day in the life of robot,32,28,21,18,15,23,20,29,23,22
a day in the life of robot,21,30,23,30,30,29,27,20,21,22
a day in the life of robot,33,27,27,25,22,29,32,35,42,34
a day in the life of robot,25,24,23,26,27,29,22,30,31,30
a day in the life of robot,29,34,31,31,31,28,21,30,34,39
a day in the life of robot,22,30,36,31,29,32,29,35,36,32
a day in the life of robot,35,28,25,31,38,34,28,23,24,29
a day in the life of robot,22,19,18,17,19,25,33,30,36,37
a day in the life of robot,31,38,40,43,33,33,26,26,27,33
a day in the life of robot,34,29,35,39,36,28,31,34,32,40
a day in the life of robot,23,25,28,21,25,32,38,37,34,38
a day in the life of robot,31,28,23,25,26,31,38,35,42,35
a day in the life of robot,26,24,30,24,29,22,30,23,25,28
a day in the life of robot,31,36,38,28,32,36,31,24,23,29
a day in the life of robot,28,32,36,28,29,22,35,26,22,26
a day in the life of robot,28,22,23,27,21,26,34,36,27,28
a day in the life of robot,19,21,19,23,18,26,24,27,30,34
a day in the life of robot,22,21,23,20,20,25,25,24,29,22
a day in the life of robot,26,33,32,35,31,24,26,20,21,26
a day in the life of robot,25,19,26,28,32,36,39,39,36,35
a day in the life of robot,23,31,24,25,32,29,35,40,32,35
a day in the life of robot,32,37,36,29,32,35,36,29,32,26
a day in the life of robot,24,28,21,24,27,20,24,31,30,27
a day in the life of robot,23,18,18,19,22,22,20,21,28,21
a day in the life of robot,32,36,32,28,28,24,32,35,31,25
a day in the life of robot,29,32,33,26,21,19,26,25,33,26
a day in the life of robot,18,13,20,23,26,26,25,31,34,29
a day in the life of robot,21,29,27,21,18,26,22,28,27,35
a day in the life of robot,22,25,28,36,27,22,25,21,18,26
a day in the life of robot,26,23,26,33,26,20,19,18,15,20
a day in the life of robot,27,25,32,25,25,25,20,23,30,38
a day in the life of robot,23,28,21,22,25,21,23,27,23,26
a day in the life of robot,19,26,31,36,36,26,31,27,23,29
a day in the life of robot,23,26,21,24,22,28,26,27,24,22
a day in the life of robot,23,24,25,27,29,33,24,29,26,20
a day in the life of robot,22,23,24,22,30,35,42,46,43,35
a day in the life of robot,13,17,29,24,25,22,28,35,39,31
a day in the life of robot,26,28,31,37,39,29,25,22,24,20
a day in the life of robot,30,30,35,31,36,38,29,30,33,33
a day in the life of robot,31,28,34,40,44,47,37,41,43,40
futuristic hero,29,37,27,31,33,31,27,33,36,33
futuristic hero,18,21,25,33,38,42,41,38,41,45
futuristic hero,16,15,19,26,29,27,20,21,30,35
futuristic hero,26,22,31,24,27,26,21,30,25,25
futuristic hero,22,28,29,30,23,22,21,18,16,19
futuristic hero,24,32,27,33,36,29,31,30,33,38
futuristic hero,20,19,20,28,26,33,31,27,32,25
futuristic hero,26,34,29,24,28,24,29,24,27,35
futuristic hero,19,21,23,26,29,25,18,24,21,27
futuristic hero,34,31,29,23,36,30,35,42,46,36
futuristic hero,24,23,28,36,37,36,29,22,31,35
futuristic hero,34,37,27,28,35,30,31,29,25,19
futuristic hero,20,17,25,25,21,20,19,26,20,29
futuristic hero,25,29,32,37,41,45,35,33,32,40
futuristic hero,24,32,30,31,24,23,25,31,27,29
futuristic hero,22,28,25,28,24,32,38,42,36,29
futuristic hero,12,15,24,15,12,17,18,24,26,24
futuristic hero,24,26,21,26,25,20,24,33,38,32
futuristic hero,22,25,33,38,39,43,44,46,45,42
futuristic hero,28,30,27,20,27,23,25,31,33,26
futuristic hero,30,35,41,36,39,41,37,39,36,38
futuristic hero,22,21,19,25,26,27,26,25,32,39
futuristic hero,31,32,25,32,36,36,27,31,24,28
futuristic hero,27,35,38,35,28,36,31,24,24,26
futuristic hero,30,33,32,32,27,33,37,41,34,27
futuristic hero,19,18,20,17,20,25,30,27,34,40
futuristic hero,22,19,23,26,31,31,35,37,31,24
futuristic hero,32,32,27,22,21,19,20,23,31,30
futuristic hero,32,32,26,25,22,22,20,25,29,22
futuristic hero,22,26,27,32,39,33,34,29,22,21
futuristic hero,19,19,17,25,22,26,25,20,21,22
futuristic hero,18,27,32,33,36,34,41,34,35,36
futuristic hero,24,23,32,32,33,38,39,41,42,43
futuristic hero,25,33,38,40,30,23,21,23,28,33
futuristic hero,25,30,24,30,29,33,35,32,26,19
futuristic hero,27,24,33,32,25,23,32,38,42,39
futuristic hero,26,21,20,17,16,24,25,33,38,40
futuristic hero,33,38,40,41,43,47,46,41,39,33
futuristic hero,31,33,34,34,40,32,30,24,37,32
futuristic hero,24,23,29,36,39,43,33,39,37,35
futuristic hero,30,32,35,37,34,36,34,39,34,33
futuristic hero,19,19,17,22,25,28,22,20,17,22
futuristic hero,29,22,24,24,21,19,19,18,23,29
futuristic hero,18,18,23,27,26,32,32,36,37,27
futuristic hero,23,24,22,28,21,27,30,30,27,32
futuristic hero,31,38,29,25,26,34,31,32,28,34
futuristic hero,28,34,33,33,27,33,40,41,35,28
futuristic hero,24,32,35,37,36,27,28,27,21,19
futuristic hero,29,24,25,20,28,31,26,26,26,32
futuristic hero,30,26,29,36,38,38,30,34,39,34
sci-fi sapce station,21,28,25,28,33,39,42,34,28,33
sci-fi sapce station,25,29,29,28,30,27,29,36,33,37
sci-fi sapce station,16,23,20,18,17,17,16,25,31,24
sci-fi sapce station,28,24,27,24,30,32,30,27,30,26
sci-fi sapce station,29,37,27,30,27,27,22,27,31,33
sci-fi sapce station,22,31,30,33,37,32,39,36,32,32
sci-fi sapce station,28,25,18,15,13,17,11,18,18,27
sci-fi sapce station,29,35,35,41,42,35,30,37,27,26
sci-fi sapce station,27,23,30,29,36,36,37,40,35,30
sci-fi sapce station,30,25,28,28,28,32,32,31,28,32
sci-fi sapce station,28,29,27,32,25,25,29,29,28,29
sci-fi sapce station,24,28,22,31,28,34,31,28,25,29
sci-fi sapce station,26,29,35,35,34,36,28,28,30,32
sci-fi sapce station,27,25,28,30,34,29,25,30,29,32
sci-fi sapce station,28,29,28,27,32,35,38,29,30,24
sci-fi sapce station,21,28,23,21,30,24,25,23,30,31
sci-fi sapce station,19,21,20,26,33,40,32,40,37,27
sci-fi sapce station,34,32,39,43,37,35,32,31,34,29
sci-fi sapce station,28,25,22,26,34,39,37,37,36,28
sci-fi sapce station,25,28,29,23,28,23,20,28,28,21
sci-fi sapce station,27,29,28,36,30,24,30,36,32,37
sci-fi sapce station,29,27,31,29,31,35,41,43,33,41
sci-fi sapce station,14,11,12,6,9,15,12,20,18,20
sci-fi sapce station,34,34,27,28,21,20,29,31,34,28
sci-fi sapce station,26,30,26,20,24,26,23,30,37,38
sci-fi sapce station,24,32,35,37,33,34,38,34,41,38
sci-fi sapce station,19,25,30,32,30,30,23,26,27,35
sci-fi sapce station,11,12,10,19,13,14,16,22,29,32
sci-fi sapce station,26,21,30,30,25,21,20,19,18,21
sci-fi sapce station,35,31,27,24,28,36,40,31,25,29
sci-fi sapce station,12,16,19,17,18,21,23,22,29,26
sci-fi sapce station,35,30,30,37,40,30,37,39,35,30
sci-fi sapce station,18,26,34,33,40,32,41,39,38,31
sci-fi sapce station,23,32,35,43,38,31,32,30,34,30
sci-fi sapce station,31,28,26,25,25,22,24,23,25,27
sci-fi sapce station,27,20,21,19,27,24,24,26,25,20
sci-fi sapce station,18,15,16,23,25,18,20,24,31,31
sci-fi sapce station,24,33,39,31,25,19,20,25,29,24
sci-fi sapce station,26,25,28,34,33,33,29,23,20,27
sci-fi sapce station,23,23,24,28,32,36,30,24,26,19
sci-fi sapce station,25,27,31,32,32,35,37,31,33,26
sci-fi sapce station,28,31,31,26,25,22,24,26,28,24
sci-fi sapce station,37,37,30,37,37,29,25,27,34,29
sci-fi sapce station,23,24,32,35,35,39,38,35,28,33
sci-fi sapce station,34,38,38,42,43,34,33,26,19,22
sci-fi sapce station,36,33,39,30,32,31,37,28,27,24
sci-fi sapce station,17,22,26,21,28,34,39,36,37,38
sci-fi sapce station,16,23,26,31,27,24,22,29,25,29
sci-fi sapce station,20,20,17,19,25,26,22,27,35,33
sci-fi sapce station,26,29,23,31,24,31,38,31,24,25
battle damaged mecha,16,20,25,23,31,28,31,30,24,30
battle damaged mecha,29,30,37,34,38,32,38,40,37,27
battle damaged mecha,20,18,26,30,25,25,22,29,32,32
battle damaged mecha,24,21,20,23,25,23,28,27,27,21
battle damaged mecha,23,20,20,24,30,28,25,26,25,26
battle damaged mecha,15,13,22,19,27,34,31,38,34,29
battle damaged mecha,33,29,28,32,37,30,28,30,25,20
battle damaged mecha,30,28,24,30,26,21,22,30,38,31
battle damaged mecha,22,29,26,25,20,19,16,20,20,26
battle damaged mecha,29,37,30,25,32,26,22,25,23,30
battle damaged mecha,29,37,40,39,41,35,33,31,24,22
battle damaged mecha,31,27,34,30,36,37,41,42,35,32
battle damaged mecha,22,19,23,27,33,37,27,28,36,26
battle damaged mecha,21,24,29,23,24,22,29,26,26,29
battle damaged mecha,24,23,29,28,24,25,30,32,34,42
battle damaged mecha,19,17,16,13,11,18,24,28,33,36
battle damaged mecha,16,24,27,34,29,37,37,38,39,41
battle damaged mecha,24,29,23,24,32,36,37,41,39,35
battle damaged mecha,30,28,27,31,36,32,34,42,45,48
battle damaged mecha,27,31,34,41,32,30,23,29,30,38
battle damaged mecha,20,24,26,30,25,19,23,24,32,38
battle damaged mecha,23,20,29,25,25,26,29,31,27,24
battle damaged mecha,23,24,27,23,20,27,29,25,31,37
battle damaged mecha,24,26,26,32,30,32,26,32,27,29
battle damaged mecha,31,29,29,25,28,30,33,38,39,32
battle damaged mecha,22,26,28,29,32,25,25,18,18,27
battle damaged mecha,23,24,21,27,24,23,20,27,20,18
battle damaged mecha,20,17,16,17,18,19,16,17,14,15
battle damaged mecha,18,16,17,17,17,23,27,28,34,37
battle damaged mecha,24,28,32,26,31,28,29,30,36,38
battle damaged mecha,23,24,23,27,24,27,22,23,25,22
battle damaged mecha,26,27,21,27,32,25,26,32,38,37
battle damaged mecha,17,25,23,22,30,28,33,33,28,30
battle damaged mecha,13,19,22,31,39,41,38,31,29,26
battle damaged mecha,31,25,30,27,27,25,20,28,22,21
battle damaged mecha,24,22,25,22,30,33,36,33,34,37
battle damaged mecha,25,19,27,28,30,28,24,33,35,35
battle damaged mecha,24,23,20,19,18,15,22,25,30,24
battle damaged mecha,18,16,14,20,26,28,26,29,37,41
battle damaged mecha,24,32,27,26,26,29,26,19,27,23
battle damaged mecha,22,26,30,25,18,26,20,17,20,20
battle damaged mecha,23,24,30,36,34,35,38,42,39,34
battle damaged mecha,28,24,24,31,30,25,28,34,37,40
battle damaged mecha,25,18,17,24,33,36,27,31,31,25
battle damaged mecha,22,24,21,27,33,36,31,27,35,32
battle damaged mecha,27,21,23,32,36,38,29,27,34,38
battle damaged mecha,19,16,14,23,29,25,25,23,31,27
battle damaged mecha,26,19,21,18,24,21,27,30,30,29
battle damaged mecha,29,23,29,29,35,33,40,41,36,40
battle damaged mecha,26,31,35,32,28,34,39,41,34,36
greek god,30,32,36,39,41,37,35,32,28,28
greek god,28,31,37,36,27,34,42,33,39,34
greek god,14,19,19,21,19,23,22,21,25,24
greek god,25,22,27,23,25,26,26,19,16,18
greek god,31,28,33,35,42,42,36,31,24,31
greek god,17,22,30,25,21,26,30,36,29,26
greek god,29,27,29,31,28,29,32,30,30,32
greek god,23,30,23,26,21,22,27,27,33,30
greek god,22,27,29,30,23,22,20,22,30,25
greek god,18,24,33,39,43,39,33,26,22,22
greek god,24,33,37,34,36,26,25,26,33,29
greek god,25,21,18,19,22,30,35,37,40,34
greek god,23,27,26,34,42,36,40,42,40,38
greek god,23,24,22,22,27,26,23,31,36,29
greek god,19,23,23,28,23,29,33,38,31,26
greek god,21,28,33,40,33,41,45,47,42,44
greek god,33,33,26,31,31,24,27,20,29,26
greek god,17,23,31,34,42,42,35,28,28,36
greek god,28,21,25,18,15,15,13,19,19,16
greek god,18,23,24,25,30,23,20,28,34,39
greek god,30,37,30,32,29,23,26,22,23,28
greek god,22,21,29,37,28,36,33,26,28,35
greek god,31,33,37,35,32,27,31,31,36,39
greek god,29,37,34,33,32,30,23,32,39,40
greek god,27,21,25,19,21,21,28,24,32,34
greek god,32,34,34,33,36,30,35,32,37,41
greek god,21,20,19,16,17,24,28,22,26,29
greek god,14,18,27,33,39,31,36,38,38,28
greek god,20,17,26,34,35,30,38,37,37,34
greek god,26,21,22,27,30,33,32,28,24,32
greek god,25,30,38,40,43,46,47,49,48,45
greek god,20,23,20,29,25,33,26,33,28,36
greek god,29,27,29,28,31,29,29,27,23,32
greek god,26,27,24,26,28,31,25,27,26,32
greek god,15,20,17,23,31,33,27,20,29,36
greek god,21,29,27,32,32,31,25,31,37,35
greek god,23,22,29,31,35,35,39,42,36,37
greek god,26,23,26,21,24,21,20,26,18,19
greek god,22,26,23,31,39,34,41,32,26,24
greek god,24,21,25,24,29,31,29,23,20,18
greek god,30,33,33,40,38,30,31,38,34,35
greek god,18,23,25,19,16,16,16,22,27,35
greek god,17,22,20,26,25,27,21,20,27,20
greek god,21,25,33,33,34,27,23,27,32,35
greek god,21,23,26,25,27,27,25,18,21,26
greek god,24,23,29,34,33,35,32,35,41,42
greek god,24,22,24,32,28,27,23,30,35,40
greek god,15,13,21,26,26,24,28,31,38,34
greek god,26,26,31,36,28,21,19,27,27,25
greek god,26,32,33,34,38,36,30,32,27,25
white hair girl,22,27,31,26,20,20,27,26,33,31
white hair girl,23,23,25,23,28,28,28,28,28,36
white hair girl,25,23,31,31,33,26,23,29,32,34
white hair girl,26,34,27,27,25,28,28,33,41,32
white hair girl,25,20,25,22,20,20,19,16,19,22
white hair girl,25,20,19,26,31,36,34,30,32,36
white hair girl,30,37,37,27,20,23,30,27,26,29
white hair girl,20,19,21,25,32,30,38,35,40,44
white hair girl,21,21,26,33,32,37,37,36,31,35
white hair girl,29,36,33,32,27,29,23,32,27,33
white hair girl,26,21,26,29,31,38,30,26,34,42
white hair girl,32,37,40,40,31,28,28,26,30,27
white hair girl,32,31,39,36,26,31,27,29,26,26
white hair girl,25,28,32,38,36,27,34,35,32,33
white hair girl,33,34,27,33,41,34,36,40,42,38
white hair girl,19,24,32,37,37,27,25,20,27,32
white hair girl,30,24,31,24,29,29,37,32,35,35
white hair girl,33,34,34,32,35,33,36,35,41,32
white hair girl,21,25,30,35,33,30,25,25,23,21
white hair girl,28,32,40,38,32,30,29,36,32,33
white hair girl,25,28,23,26,32,31,36,31,38,40
white hair girl,20,29,33,30,25,24,30,35,28,33
white hair girl,35,31,30,28,35,34,42,42,46,38
white hair girl,19,28,28,21,24,23,29,31,27,23
white hair girl,27,29,37,29,23,31,27,29,22,21
white hair girl,25,33,29,32,28,29,37,40,43,40
white hair girl,24,29,34,42,46,41,40,42,42,33
white hair girl,25,19,20,27,22,21,29,24,28,26
white hair girl,23,32,37,32,28,31,28,32,39,42
white hair girl,22,28,29,32,31,35,42,46,42,35
white hair girl,36,34,41,35,38,36,28,29,29,36
white hair girl,18,21,21,21,22,30,23,27,34,28
white hair girl,30,25,33,38,30,27,32,29,35,38
white hair girl,26,21,26,32,36,28,31,26,25,22
white hair girl,23,25,31,31,28,21,19,19,25,22
white hair girl,27,27,32,40,38,33,29,36,29,27
white hair girl,34,37,33,37,33,33,30,23,20,26
white hair girl,22,27,34,28,34,39,30,32,26,21
white hair girl,27,31,25,21,27,30,37,31,30,36
white hair girl,30,34,35,31,25,32,40,35,33,29
white hair girl,22,24,28,36,37,28,31,37,30,34
white hair girl,33,36,27,32,26,33,41,35,42,32
white hair girl,24,29,23,21,27,35,46,42,37,32
white hair girl,22,31,28,30,33,31,27,33,28,23
white hair girl,25,26,27,27,32,38,35,39,31,29
white hair girl,26,21,19,21,20,19,22,24,32,37
white hair girl,17,19,34,27,21,30,37,33,34,28
white hair girl,22,22,26,30,35,38,30,23,24,23
white hair girl,29,29,28,23,25,18,17,14,20,26
white hair girl,32,28,35,43,47,29,37,32,32,37
